{"_wandb":{"runtime":0},"_runtime":0,"acc":0.8753036614212515,"loss":0.0937468966642279,"_timestamp":1.7707856991390789e+09,"_step":7}